timestamp,displacement_combined,tilt_dynamic_avg,tilt_stable,displacement_rate,tilt_dynamic_rate,tilt_stable_rate,tilt_dynamic_std,displacement_sync_error,hour,day_of_week,month,is_weekend,is_anomaly,anomaly_score
2023-09-06 04:20:00,14.55,-0.7166666666666665,0.54,-0.03999999999999915,0.0,0.01000000000000001,1.682181123819113,0.2568055555555571,4,2,9,0,True,-0.6647247582396498
2023-09-06 04:30:00,14.59,-0.7166666666666665,0.54,0.03999999999999915,0.0,0.0,1.682181123819113,0.2107638888888914,4,2,9,0,True,-0.6602829973800093
2023-09-06 04:40:00,14.58,-0.7166666666666665,0.54,-0.00999999999999801,0.0,0.0,1.682181123819113,0.2147916666666667,4,2,9,0,True,-0.6598364100343868
2023-09-06 04:50:00,14.62,-0.7200000000000001,0.54,0.03999999999999915,-0.003333333333333632,0.0,1.680208320417441,0.1684722222222241,4,2,9,0,True,-0.661759349096186
2023-09-06 05:00:00,14.76,-0.7166666666666665,0.54,0.1400000000000006,0.003333333333333632,0.0,1.682181123819113,0.02180555555555763,5,2,9,0,True,-0.669574441207328
2023-09-06 05:10:00,14.65,-0.7200000000000001,0.54,-0.1099999999999994,-0.003333333333333632,0.0,1.680208320417441,0.1254166666666663,5,2,9,0,True,-0.660402919548743
2023-09-06 05:20:00,14.81,-0.7200000000000001,0.53,0.1600000000000037,0.0,-0.01000000000000001,1.680208320417441,0.04131944444444713,5,2,9,0,True,-0.6622523207300606
2023-09-06 05:30:00,14.8,-0.7200000000000001,0.53,-0.01000000000000512,0.0,0.0,1.680208320417441,0.03805555555555351,5,2,9,0,True,-0.6588111875662973
2023-09-06 05:40:00,14.81,-0.7200000000000001,0.55,0.00999999999999801,0.0,0.02000000000000002,1.680208320417441,0.05430555555555294,5,2,9,0,True,-0.6862324388003838
2023-09-06 05:50:00,14.81,-0.7200000000000001,0.54,0.0,0.0,-0.01000000000000001,1.680208320417441,0.06083333333332774,5,2,9,0,True,-0.6641104917821404
2023-09-06 06:00:00,15.11,-0.7166666666666665,0.55,0.3000000000000043,0.003333333333333632,0.01000000000000001,1.682181123819113,0.3670833333333334,6,2,9,0,True,-0.6844699906467874
2023-09-06 06:10:00,15.14,-0.7200000000000001,0.54,0.03000000000000114,-0.003333333333333632,-0.01000000000000001,1.680208320417441,0.4031249999999993,6,2,9,0,True,-0.6658264223172602
2023-09-06 06:20:00,15.12,-0.7200000000000001,0.54,-0.01999999999999602,0.0,0.0,1.680208320417441,0.3900000000000059,6,2,9,0,True,-0.6656334571954415
2023-09-06 06:30:00,15.1,-0.7200000000000001,0.54,-0.02000000000000313,0.0,0.0,1.680208320417441,0.3772916666666699,6,2,9,0,True,-0.6656334571954415
2023-09-06 06:40:00,15.08,-0.7200000000000001,0.54,-0.02000000000000313,0.0,0.0,1.680208320417441,0.3640277777777765,6,2,9,0,True,-0.66182076869132
2023-09-06 06:50:00,15.11,-0.7200000000000001,0.54,0.03000000000000114,0.0,0.0,1.680208320417441,0.4013194444444466,6,2,9,0,True,-0.6666283178030017
2023-09-06 07:00:00,15.09,-0.7166666666666665,0.53,-0.02000000000000313,0.003333333333333632,-0.01000000000000001,1.682181123819113,0.3875694444444395,7,2,9,0,True,-0.6661508615172851
2023-09-06 07:10:00,15.08,-0.7166666666666665,0.55,-0.00999999999999801,0.0,0.02000000000000002,1.682181123819113,0.3842361111111092,7,2,9,0,True,-0.6870278422964614
2023-09-06 07:20:00,15.03,-0.7200000000000001,0.55,-0.04999999999999716,-0.003333333333333632,0.0,1.680208320417441,0.3409722222222253,7,2,9,0,True,-0.6648607031032978
2023-09-06 07:30:00,15.13,-0.7200000000000001,0.54,0.1000000000000014,0.0,-0.01000000000000001,1.680208320417441,0.4475694444444471,7,2,9,0,True,-0.6685483154268047
2023-09-06 07:40:00,15.17,-0.7166666666666665,0.55,0.03999999999999915,0.003333333333333632,0.01000000000000001,1.682181123819113,0.4938888888888933,7,2,9,0,True,-0.6763859850187873
2023-09-06 07:50:00,15.16,-0.7200000000000001,0.54,-0.00999999999999801,-0.003333333333333632,-0.01000000000000001,1.680208320417441,0.4898611111111144,7,2,9,0,True,-0.6645047994917544
2023-09-06 08:00:00,15.2,-0.7166666666666665,0.55,0.03999999999999915,0.003333333333333632,0.01000000000000001,1.682181123819113,0.5362500000000026,8,2,9,0,True,-0.6781730357821665
2023-09-06 08:10:00,15.2,-0.7200000000000001,0.54,0.0,-0.003333333333333632,-0.01000000000000001,1.680208320417441,0.5423611111111146,8,2,9,0,True,-0.6663539549263132
2023-09-06 08:20:00,15.18,-0.7166666666666665,0.54,-0.02000000000000313,0.003333333333333632,0.0,1.682181123819113,0.5282638888888886,8,2,9,0,True,-0.6710349597066917
2023-09-06 08:30:00,15.18,-0.7200000000000001,0.54,0.0,-0.003333333333333632,0.0,1.680208320417441,0.5340972222222238,8,2,9,0,True,-0.6677307153853973
2023-09-06 08:40:00,15.23,-0.7166666666666665,0.55,0.04999999999999716,0.003333333333333632,0.01000000000000001,1.682181123819113,0.5897916666666667,8,2,9,0,True,-0.6777143483752144
2023-09-06 08:50:00,15.27,-0.7166666666666665,0.53,0.03999999999999915,0.0,-0.02000000000000002,1.682181123819113,0.6353472222222187,8,2,9,0,True,-0.682527250191837
2023-09-06 09:00:00,15.29,-0.7166666666666665,0.55,0.02000000000000313,0.0,0.02000000000000002,1.682181123819113,0.6607638888888872,9,2,9,0,True,-0.6940003871799367
2023-09-06 09:10:00,15.3,-0.7166666666666665,0.54,0.00999999999999801,0.0,-0.01000000000000001,1.682181123819113,0.6758333333333297,9,2,9,0,True,-0.6695693574427289
2023-09-06 09:20:00,15.23,-0.7200000000000001,0.53,-0.07000000000000028,-0.003333333333333632,-0.01000000000000001,1.680208320417441,0.6106944444444427,9,2,9,0,True,-0.6630831919227947
2023-09-06 09:30:00,15.38,-0.7200000000000001,0.54,0.1500000000000057,0.0,0.01000000000000001,1.680208320417441,0.765555555555558,9,2,9,0,True,-0.6740024806946645
2023-09-06 09:40:00,15.36,-0.7166666666666665,0.54,-0.02000000000000313,0.003333333333333632,0.0,1.682181123819113,0.7504861111111101,9,2,9,0,True,-0.6703239551761201
2023-09-06 09:50:00,15.21,-0.7166666666666665,0.54,-0.1499999999999986,0.0,0.0,1.682181123819113,0.6054166666666685,9,2,9,0,True,-0.669758359272224
2023-09-06 10:00:00,15.09999999999999,-0.7166666666666665,0.54,-0.1100000000000065,0.0,0.0,1.682181123819113,0.5002083333333278,10,2,9,0,True,-0.6678997564970272
2023-09-06 10:10:00,15.12,-0.7166666666666665,0.54,0.02000000000000313,0.0,0.0,1.682181123819113,0.5247916666666672,10,2,9,0,True,-0.6692946469564295
2023-09-06 10:20:00,15.21,-0.7200000000000001,0.54,0.09000000000000341,-0.003333333333333632,0.0,1.680208320417441,0.619236111111114,10,2,9,0,True,-0.6680602664484141
2023-09-06 10:30:00,15.19,-0.7133333333333333,0.54,-0.02000000000000313,0.006666666666666821,0.0,1.68417140853695,0.6038194444444436,10,2,9,0,True,-0.6747710758675542
2023-09-06 10:40:00,15.24,-0.7166666666666665,0.54,0.05000000000000426,-0.003333333333333188,0.0,1.682181123819113,0.6577777777777793,10,2,9,0,True,-0.6689648792268504
2023-09-06 10:50:00,15.26,-0.7200000000000001,0.54,0.01999999999999602,-0.003333333333333632,0.0,1.680208320417441,0.6799305555555559,10,2,9,0,True,-0.6676084188886664
2023-09-06 11:00:00,15.36,-0.7166666666666665,0.54,0.1000000000000014,0.003333333333333632,0.0,1.682181123819113,0.7814583333333331,11,2,9,0,True,-0.6734134043737012
2023-09-06 11:10:00,15.31,-0.7166666666666665,0.53,-0.04999999999999716,0.0,-0.01000000000000001,1.682181123819113,0.7333333333333361,11,2,9,0,True,-0.6661206695597914
2023-09-06 11:20:00,15.13,-0.7200000000000001,0.55,-0.1799999999999997,-0.003333333333333632,0.02000000000000002,1.680208320417441,0.555277777777782,11,2,9,0,True,-0.6938958582530316
2023-09-06 11:30:00,15.18,-0.7166666666666665,0.54,0.04999999999999716,0.003333333333333632,-0.01000000000000001,1.682181123819113,0.6068749999999987,11,2,9,0,True,-0.6720576236194105
2023-09-06 11:40:00,15.02,-0.7166666666666665,0.54,-0.1599999999999966,0.0,0.0,1.682181123819113,0.4488194444444478,11,2,9,0,True,-0.6644697589682984
2023-09-06 11:50:00,14.92,-0.7200000000000001,0.54,-0.1000000000000014,-0.003333333333333632,0.0,1.680208320417441,0.3509722222222269,11,2,9,0,True,-0.6608498903166448
2023-09-06 12:00:00,14.98,-0.7200000000000001,0.54,0.05999999999999517,0.0,0.0,1.680208320417441,0.4133333333333304,12,2,9,0,True,-0.6573301619608474
2023-09-06 12:10:00,15.03,-0.7166666666666665,0.55,0.05000000000000426,0.003333333333333632,0.01000000000000001,1.682181123819113,0.4654166666666697,12,2,9,0,True,-0.6745579258095667
2023-09-06 12:20:00,15.06,-0.7166666666666665,0.53,0.03000000000000114,0.0,-0.02000000000000002,1.682181123819113,0.4976388888888916,12,2,9,0,True,-0.6761272783862484
2023-09-06 12:30:00,15.1,-0.7200000000000001,0.54,0.03999999999999915,-0.003333333333333632,0.01000000000000001,1.680208320417441,0.5397916666666678,12,2,9,0,True,-0.6735600623856403
2023-09-06 12:40:00,15.13,-0.7200000000000001,0.53,0.03000000000000114,0.0,-0.01000000000000001,1.680208320417441,0.571666666666669,12,2,9,0,True,-0.663572882830496
2023-09-06 12:50:00,15.17,-0.7200000000000001,0.53,0.03999999999999915,0.0,0.0,1.680208320417441,0.6140972222222256,12,2,9,0,True,-0.662852004228188
2023-09-06 13:00:00,15.13,-0.7200000000000001,0.55,-0.03999999999999915,0.0,0.02000000000000002,1.680208320417441,0.5761111111111124,13,2,9,0,True,-0.6925931623328239
2023-09-06 13:10:00,15.15000000000001,-0.7200000000000001,0.53,0.02000000000000313,0.0,-0.02000000000000002,1.680208320417441,0.596944444444448,13,2,9,0,True,-0.6806825930686967
2023-09-06 13:20:00,15.1,-0.7166666666666668,0.53,-0.05000000000000426,0.003333333333333299,0.0,1.674524808216747,0.5501388888888918,13,2,9,0,True,-0.6659365251188362
2023-09-06 13:30:00,15.18,-0.7200000000000001,0.53,0.0799999999999983,-0.003333333333333299,0.0,1.680208320417441,0.6333333333333346,13,2,9,0,True,-0.6638715434281733
2023-09-06 13:40:00,15.25,-0.7200000000000001,0.53,0.07000000000000028,0.0,0.0,1.680208320417441,0.706597222222225,13,2,9,0,True,-0.6637495645582233
2023-09-06 13:50:00,15.25,-0.7200000000000001,0.53,0.0,0.0,0.0,1.680208320417441,0.7104861111111109,13,2,9,0,True,-0.6617018201795394
2023-09-06 14:00:00,15.13,-0.7200000000000001,0.54,-0.1199999999999974,0.0,0.01000000000000001,1.680208320417441,0.5942361111111136,14,2,9,0,True,-0.673902885170125
2023-09-06 14:10:00,14.92,-0.7200000000000001,0.53,-0.2100000000000009,0.0,-0.01000000000000001,1.680208320417441,0.3877083333333342,14,2,9,0,True,-0.6583029013417373
2023-09-06 14:20:00,14.94,-0.7200000000000001,0.53,0.02000000000000313,0.0,0.0,1.680208320417441,0.4108333333333398,14,2,9,0,True,-0.6527669138544334
2023-09-06 14:30:00,14.97,-0.7200000000000001,0.53,0.02999999999999403,0.0,0.0,1.680208320417441,0.4444444444444446,14,2,9,0,True,-0.6527669138544334
2023-09-06 14:40:00,14.95,-0.7233333333333333,0.53,-0.01999999999999602,-0.003333333333333188,0.0,1.678253059980328,0.4281944444444488,14,2,9,0,True,-0.6530064741322892
2023-09-06 14:50:00,14.95,-0.7200000000000001,0.53,-7.105427357601002e-15,0.003333333333333188,0.0,1.680208320417441,0.4295833333333281,14,2,9,0,True,-0.6570452166588289
2023-09-06 15:00:00,14.92,-0.7200000000000001,0.54,-0.02999999999999403,0.0,0.01000000000000001,1.680208320417441,0.4003472222222246,15,2,9,0,True,-0.6627416224768091
2023-09-06 15:10:00,14.72,-0.7233333333333333,0.53,-0.2000000000000028,-0.003333333333333188,-0.01000000000000001,1.678253059980328,0.2007638888888881,15,2,9,0,True,-0.6579521277772712
2023-09-06 15:20:00,14.67,-0.7233333333333333,0.53,-0.04999999999999716,0.0,0.0,1.678253059980328,0.1520833333333353,15,2,9,0,True,-0.654380166064577
2023-09-06 15:30:00,14.62,-0.7200000000000001,0.54,-0.04999999999999716,0.003333333333333188,0.01000000000000001,1.680208320417441,0.1029166666666708,15,2,9,0,True,-0.6721855636377402
2023-09-06 15:40:00,14.44,-0.7200000000000001,0.53,-0.1800000000000068,0.0,-0.01000000000000001,1.680208320417441,0.0763194444444455,15,2,9,0,True,-0.6654974319834344
2023-09-06 15:50:00,14.48,-0.7200000000000001,0.54,0.03999999999999915,0.0,0.01000000000000001,1.680208320417441,0.03548611111111377,15,2,9,0,True,-0.6680250098351982
2023-09-06 16:00:00,14.52,-0.7166666666666665,0.53,0.04000000000000625,0.003333333333333632,-0.01000000000000001,1.682181123819113,0.005416666666670622,16,2,9,0,True,-0.6690639335829905
2023-09-06 16:10:00,14.44,-0.7233333333333333,0.54,-0.0799999999999983,-0.006666666666666821,0.01000000000000001,1.678253059980328,0.07319444444443945,16,2,9,0,True,-0.6692145878768441
2023-09-06 16:20:00,14.45999999999999,-0.7233333333333333,0.54,0.01999999999998892,0.0,0.0,1.678253059980328,0.05173611111111498,16,2,9,0,True,-0.6636433831544222
2023-09-06 16:30:00,14.44,-0.7200000000000001,0.53,-0.01999999999999602,0.003333333333333188,-0.01000000000000001,1.680208320417441,0.07020833333333698,16,2,9,0,True,-0.6675702420891263
2023-09-06 16:40:00,14.40000000000001,-0.7200000000000001,0.54,-0.03999999999999204,0.0,0.01000000000000001,1.672572868367773,0.1083333333333272,16,2,9,0,True,-0.6635098760536983
2023-09-06 16:50:00,14.39,-0.7200000000000001,0.53,-0.01000000000000512,0.0,-0.01000000000000001,1.680208320417441,0.1163888888888884,16,2,9,0,True,-0.6581091770560314
2023-09-06 17:00:00,14.39,-0.7233333333333333,0.53,0.0,-0.003333333333333188,0.0,1.678253059980328,0.1136805555555558,17,2,9,0,True,-0.656251700518853
2023-09-06 17:10:00,14.33,-0.7233333333333333,0.54,-0.06000000000000227,0.0,0.01000000000000001,1.678253059980328,0.1715277777777775,17,2,9,0,True,-0.6647354013083179
2023-09-06 17:20:00,14.3,-0.7200000000000001,0.52,-0.02999999999999403,0.003333333333333188,-0.02000000000000002,1.680208320417441,0.2001388888888851,17,2,9,0,True,-0.6756879210919113
2023-09-06 17:30:00,14.29,-0.7200000000000001,0.53,-0.01000000000000512,0.0,0.01000000000000001,1.680208320417441,0.2086111111111109,17,2,9,0,True,-0.6592175372072867
2023-09-06 17:40:00,14.24,-0.7200000000000001,0.53,-0.04999999999999716,0.0,0.0,1.672572868367773,0.2568749999999991,17,2,9,0,True,-0.654380166064577
2023-09-06 17:50:00,14.27,-0.7200000000000001,0.54,0.03000000000000114,0.0,0.01000000000000001,1.680208320417441,0.2252777777777766,17,2,9,0,True,-0.6638258791966402
2023-09-06 18:00:00,14.20999999999999,-0.7233333333333333,0.54,-0.06000000000000938,-0.003333333333333188,0.0,1.678253059980328,0.2833333333333385,18,2,9,0,True,-0.6583812330425616
2023-09-06 18:10:00,14.06,-0.7233333333333333,0.53,-0.1499999999999915,0.0,-0.01000000000000001,1.678253059980328,0.4292361111111109,18,2,9,0,True,-0.6552290490849455
2023-09-06 18:20:00,13.95,-0.7200000000000001,0.53,-0.1099999999999994,0.003333333333333188,0.0,1.672572868367773,0.5345833333333285,18,2,9,0,True,-0.6561109541206913
2023-09-06 18:30:00,13.98,-0.7166666666666668,0.54,0.02999999999999403,0.003333333333333299,0.01000000000000001,1.674524808216747,0.500347222222226,18,2,9,0,True,-0.6640619474381672
2023-09-06 18:40:00,13.89,-0.7233333333333333,0.53,-0.0899999999999963,-0.006666666666666488,-0.01000000000000001,1.678253059980328,0.5862499999999997,18,2,9,0,True,-0.6546318410884459
2023-09-06 18:50:00,13.93,-0.7166666666666668,0.53,0.03999999999999915,0.006666666666666488,0.0,1.674524808216747,0.5442361111111111,18,2,9,0,True,-0.659116654017394
2023-09-06 19:00:00,13.9,-0.7166666666666665,0.54,-0.03000000000000114,3.33066907387547e-16,0.01000000000000001,1.682181123819113,0.5725000000000016,19,2,9,0,True,-0.661247763297617
2023-09-06 19:10:00,13.82,-0.7166666666666668,0.54,-0.0799999999999983,-3.33066907387547e-16,0.0,1.674524808216747,0.6510416666666661,19,2,9,0,True,-0.6563954942546724
2023-09-06 19:20:00,13.79,-0.7133333333333333,0.53,-0.03000000000000114,0.003333333333333521,-0.01000000000000001,1.676494358276619,0.6797222222222228,19,2,9,0,True,-0.6595344271091034
2023-09-06 19:30:00,13.79,-0.7233333333333333,0.54,0.0,-0.01000000000000001,0.01000000000000001,1.678253059980328,0.6788888888888902,19,2,9,0,True,-0.6779804161129517
2023-09-06 19:40:00,13.8,-0.7200000000000001,0.56,0.00999999999999801,0.003333333333333188,0.02000000000000002,1.672572868367773,0.667500000000004,19,2,9,0,True,-0.6825637831884126
2023-09-06 19:50:00,13.72,-0.7133333333333333,0.54,-0.0799999999999983,0.006666666666666821,-0.02000000000000002,1.676494358276619,0.7459027777777774,19,2,9,0,True,-0.6771439027331718
2023-09-06 20:00:00,13.7,-0.7166666666666668,0.54,-0.02000000000000313,-0.003333333333333521,0.0,1.674524808216747,0.7648611111111165,20,2,9,0,True,-0.6562023090945346
2023-09-06 20:10:00,13.7,-0.7166666666666665,0.55,0.0,3.33066907387547e-16,0.01000000000000001,1.682181123819113,0.7639583333333366,20,2,9,0,True,-0.6613560774950049
2023-09-06 20:20:00,13.67,-0.7200000000000001,0.54,-0.02999999999999403,-0.003333333333333632,-0.01000000000000001,1.680208320417441,0.7931944444444419,20,2,9,0,True,-0.6545363077000564
2023-09-06 20:30:00,13.7,-0.7133333333333333,0.54,0.02999999999999403,0.006666666666666821,0.0,1.676494358276619,0.7626388888888922,20,2,9,0,True,-0.6636615648324787
2023-09-06 20:40:00,13.67,-0.7200000000000001,0.53,-0.02999999999999403,-0.006666666666666821,-0.01000000000000001,1.680208320417441,0.7921527777777744,20,2,9,0,True,-0.6546841608332636
2023-09-06 20:50:00,13.66,-0.7166666666666665,0.53,-0.00999999999999801,0.003333333333333632,0.0,1.682181123819113,0.8015972222222167,20,2,9,0,True,-0.6567369344079532
2023-09-06 21:00:00,13.67,-0.7166666666666665,0.54,0.00999999999999801,0.0,0.01000000000000001,1.682181123819113,0.7904861111111092,21,2,9,0,True,-0.6613560774950049
2023-09-06 21:10:00,13.7,-0.7133333333333333,0.54,0.02999999999999403,0.003333333333333188,0.0,1.676494358276619,0.7594444444444477,21,2,9,0,True,-0.6595405734123854
2023-09-06 21:20:00,13.69,-0.7166666666666665,0.53,-0.009999999999990905,-0.003333333333333188,-0.01000000000000001,1.682181123819113,0.7681249999999977,21,2,9,0,True,-0.6517539413134209
2023-09-06 21:30:00,13.68,-0.7133333333333333,0.53,-0.01000000000000512,0.003333333333333188,0.0,1.68417140853695,0.7777083333333366,21,2,9,0,True,-0.6567369344079532
2023-09-06 21:40:00,13.66,-0.7166666666666665,0.55,-0.02000000000000313,-0.003333333333333188,0.02000000000000002,1.682181123819113,0.7957638888888923,21,2,9,0,True,-0.6856867485224256
2023-09-06 21:50:00,13.63999999999999,-0.7166666666666665,0.55,-0.02000000000000313,0.0,0.0,1.682181123819113,0.8143750000000054,21,2,9,0,True,-0.6564925023770506
2023-09-06 22:00:00,13.63,-0.7166666666666668,0.54,-0.009999999999990905,-3.33066907387547e-16,-0.01000000000000001,1.674524808216747,0.8231944444444395,22,2,9,0,True,-0.6570572935840225
2023-09-06 22:10:00,13.63,-0.7233333333333333,0.55,-7.105427357601002e-15,-0.006666666666666488,0.01000000000000001,1.678253059980328,0.8215277777777814,22,2,9,0,True,-0.6633034322358884
2023-09-06 22:20:00,13.62,-0.7200000000000001,0.54,-0.00999999999999801,0.003333333333333188,-0.01000000000000001,1.680208320417441,0.8297916666666687,22,2,9,0,True,-0.662344868552159
2023-09-06 22:30:00,13.66,-0.7133333333333333,0.54,0.04000000000000625,0.006666666666666821,0.0,1.676494358276619,0.7874999999999961,22,2,9,0,True,-0.6636615648324787
2023-09-06 22:40:00,13.91,-0.7200000000000001,0.53,0.2499999999999929,-0.006666666666666821,-0.01000000000000001,1.680208320417441,0.5354861111111155,22,2,9,0,True,-0.6603299791236918
2023-09-06 22:50:00,13.94,-0.7200000000000001,0.54,0.03000000000000824,0.0,0.01000000000000001,1.680208320417441,0.5036111111111072,22,2,9,0,True,-0.6590592508923477
2023-09-06 23:00:00,13.91,-0.7166666666666668,0.53,-0.03000000000000824,0.003333333333333299,-0.01000000000000001,1.674524808216747,0.5320138888888923,23,2,9,0,True,-0.6586425667303177
2023-09-06 23:10:00,13.94,-0.7133333333333333,0.55,0.03000000000000114,0.003333333333333521,0.02000000000000002,1.676494358276619,0.5001388888888894,23,2,9,0,True,-0.6812259146303904
2023-09-06 23:20:00,13.91999999999999,-0.7166666666666665,0.54,-0.02000000000000313,-0.003333333333333188,-0.01000000000000001,1.682181123819113,0.5188888888888936,23,2,9,0,True,-0.6546875709530415
2023-09-06 23:30:00,13.88,-0.7133333333333333,0.54,-0.03999999999999915,0.003333333333333188,0.0,1.676494358276619,0.5589583333333348,23,2,9,0,True,-0.6593473254555134
2023-09-06 23:40:00,13.86,-0.7166666666666667,0.54,-0.01999999999999602,-0.00333333333333341,0.0,1.672792077137303,0.5793750000000006,23,2,9,0,True,-0.6555139517184693
2023-09-06 23:50:00,13.82,-0.7166666666666667,0.54,-0.03999999999999915,0.0,0.0,1.672792077137303,0.6213888888888874,23,2,9,0,True,-0.6550540326347978
2023-09-07 00:00:00,13.83,-0.7166666666666667,0.55,0.00999999999999801,0.0,0.01000000000000001,1.672792077137303,0.6133333333333333,0,3,9,0,True,-0.6594606179545048
2023-09-07 00:10:00,13.79,-0.7166666666666667,0.54,-0.03999999999999915,0.0,-0.01000000000000001,1.672792077137303,0.6536111111111129,0,3,9,0,True,-0.6580371641560162
2023-09-07 00:20:00,13.83,-0.7199999999999999,0.53,0.03999999999999915,-0.003333333333333188,-0.01000000000000001,1.678481456555299,0.6140277777777801,0,3,9,0,True,-0.6496310715917584
2023-09-07 00:30:00,13.81999999999999,-0.7166666666666667,0.55,-0.01000000000000512,0.003333333333333188,0.02000000000000002,1.672792077137303,0.6243750000000077,0,3,9,0,True,-0.6825637831884126
2023-09-07 00:40:00,13.75,-0.7199999999999999,26.5,-0.06999999999999318,-0.003333333333333188,25.95,1.678481456555299,0.6935416666666665,0,3,9,0,True,-0.756154818827767
2023-09-07 00:50:00,13.76,-0.7199999999999999,26.5,0.00999999999999801,0.0,0.0,1.678481456555299,0.681736111111114,0,3,9,0,True,-0.7267856883901163
2023-09-07 01:00:00,13.95999999999999,-0.7166666666666667,26.5,0.1999999999999957,0.003333333333333188,0.0,1.672792077137303,0.4798611111111182,1,3,9,0,True,-0.737181981209045
2023-09-07 01:10:00,13.93,-0.7199999999999999,26.5,-0.02999999999999403,-0.003333333333333188,0.0,1.678481456555299,0.5085416666666678,1,3,9,0,True,-0.7230454434282138
2023-09-07 01:20:00,13.93,-0.7166666666666667,26.5,0.0,0.003333333333333188,0.0,1.672792077137303,0.5075694444444423,1,3,9,0,True,-0.7290256280581359
2023-09-07 01:30:00,14.08,-0.7199999999999999,26.5,0.1499999999999986,-0.003333333333333188,0.0,1.678481456555299,0.3567361111111111,1,3,9,0,True,-0.7269991939030985
2023-09-07 01:40:00,14.17,-0.7199999999999999,26.5,0.09000000000000341,0.0,0.0,1.678481456555299,0.2656249999999982,1,3,9,0,True,-0.7278780554161707
2023-09-07 01:50:00,14.18,-0.7166666666666667,26.5,0.00999999999999801,0.003333333333333188,0.0,1.672792077137303,0.2541666666666664,1,3,9,0,True,-0.7311630525856185
2023-09-07 02:00:00,14.16,-0.7166666666666667,26.5,-0.01999999999999602,0.0,0.0,1.672792077137303,0.2729861111111092,2,3,9,0,True,-0.724929210921316
2023-09-07 02:10:00,14.17,-0.7199999999999999,26.5,0.00999999999999801,-0.003333333333333188,0.0,1.678481456555299,0.2627083333333307,2,3,9,0,True,-0.7257579680225449
2023-09-07 02:20:00,14.12,-0.7199999999999999,26.5,-0.05000000000000426,0.0,0.0,1.678481456555299,0.3141666666666687,2,3,9,0,True,-0.7264021368083842
2023-09-07 02:30:00,14.1,-0.7199999999999999,26.5,-0.01999999999999602,0.0,0.0,1.678481456555299,0.3354861111111092,2,3,9,0,True,-0.7264021368083842
2023-09-07 02:40:00,14.42,-0.7166666666666667,26.5,0.3200000000000003,0.003333333333333188,0.0,1.672792077137303,0.01680555555555507,2,3,9,0,True,-0.7428568190802637
2023-09-07 02:50:00,14.46,-0.7233333333333333,26.5,0.03999999999999915,-0.006666666666666599,0.0,1.676494358276619,0.02180555555555763,2,3,9,0,True,-0.7306744845209449
2023-09-07 03:00:00,14.52,-0.7199999999999999,26.5,0.06000000000000227,0.00333333333333341,0.0,1.678481456555299,0.08041666666666814,3,3,9,0,True,-0.7404763744938658
2023-09-07 03:10:00,14.41999999999999,-0.7233333333333333,26.5,-0.1000000000000085,-0.00333333333333341,0.0,1.676494358276619,0.02118055555556175,3,3,9,0,True,-0.7339706133368006
2023-09-07 03:20:00,14.46,-0.7199999999999999,26.5,0.04000000000000625,0.00333333333333341,0.0,1.678481456555299,0.01611111111111185,3,3,9,0,True,-0.7396268497660784
2023-09-07 03:30:00,14.45,-0.7199999999999999,26.5,-0.00999999999999801,0.0,0.0,1.678481456555299,0.002777777777779988,3,3,9,0,True,-0.7356168148669698
2023-09-07 03:40:00,14.42,-0.7199999999999999,26.5,-0.03000000000000114,0.0,0.0,1.678481456555299,0.03083333333332838,3,3,9,0,True,-0.7328248593568645
2023-09-07 03:50:00,14.41999999999999,-0.7199999999999999,26.5,-7.105427357601002e-15,0.0,0.0,1.678481456555299,0.03569444444445224,3,3,9,0,True,-0.7328248593568645
2023-09-07 04:00:00,14.38,-0.7233333333333333,26.5,-0.03999999999999204,-0.00333333333333341,0.0,1.676494358276619,0.07805555555555266,4,3,9,0,True,-0.7315296238364355
2023-09-07 04:10:00,14.38,-0.7199999999999999,26.5,-7.105427357601002e-15,0.00333333333333341,0.0,1.678481456555299,0.08027777777778411,4,3,9,0,True,-0.7394750597592695
2023-09-07 04:20:00,14.33000000000001,-0.7199999999999999,26.5,-0.04999999999999005,0.0,0.0,1.678481456555299,0.131527777777773,4,3,9,0,True,-0.7301131453138278
2023-09-07 04:30:00,14.32,-0.7199999999999999,26.5,-0.01000000000000512,0.0,0.0,1.678481456555299,0.142777777777777,4,3,9,0,True,-0.7301131453138278
2023-09-07 04:40:00,14.3,-0.7233333333333333,26.5,-0.01999999999999602,-0.00333333333333341,0.0,1.676494358276619,0.1629861111111079,4,3,9,0,True,-0.7284792601813492
2023-09-07 04:50:00,14.23,-0.7233333333333333,26.5,-0.07000000000000739,0.0,0.0,1.676494358276619,0.2327083333333366,4,3,9,0,True,-0.7254198540673235
2023-09-07 05:00:00,14.45,-0.7233333333333333,26.5,0.2199999999999989,0.0,0.0,1.676494358276619,0.01270833333333776,5,3,9,0,True,-0.7403304405703558
2023-09-07 05:10:00,14.45,-0.7199999999999999,26.5,0.0,0.00333333333333341,0.0,1.678481456555299,0.01236111111111882,5,3,9,0,True,-0.739126597612231
2023-09-07 05:20:00,14.59,-0.7199999999999999,26.5,0.1400000000000077,0.0,0.0,1.678481456555299,0.1275694444444504,5,3,9,0,True,-0.7324863049547096
2023-09-07 05:30:00,14.55,-0.7233333333333333,26.5,-0.04000000000000625,-0.00333333333333341,0.0,1.676494358276619,0.08756944444444059,5,3,9,0,True,-0.7315296238364355
2023-09-07 05:40:00,14.58,-0.7233333333333333,26.5,0.03000000000000114,0.0,0.0,1.676494358276619,0.1173611111111104,5,3,9,0,True,-0.7296193278251697
2023-09-07 05:50:00,14.53,-0.7233333333333333,26.5,-0.04999999999999716,0.0,0.0,1.676494358276619,0.06708333333333627,5,3,9,0,True,-0.7321789154327457
2023-09-07 06:00:00,14.52,-0.7199999999999999,26.5,-0.00999999999999801,0.00333333333333341,0.0,1.678481456555299,0.0572916666666714,6,3,9,0,True,-0.739126597612231
2023-09-07 06:10:00,14.47,-0.7233333333333333,26.5,-0.05000000000000426,-0.00333333333333341,0.0,1.676494358276619,0.007013888888890207,6,3,9,0,True,-0.7339706133368006
2023-09-07 06:20:00,14.51,-0.7233333333333333,26.5,0.03999999999999915,0.0,0.0,1.676494358276619,0.04597222222222186,6,3,9,0,True,-0.7323292077801239
2023-09-07 06:30:00,14.51000000000001,-0.7233333333333333,26.5,7.105427357601002e-15,0.0,0.0,1.674793519611696,0.04416666666667268,6,3,9,0,True,-0.7313389101128597
2023-09-07 06:40:00,14.79,-0.7266666666666666,26.5,0.279999999999994,-0.003333333333333299,0.0,1.672792077137303,0.3227083333333329,6,3,9,0,True,-0.7334079143716329
2023-09-07 06:50:00,14.86,-0.7233333333333333,26.5,0.07000000000000028,0.003333333333333299,0.0,1.674793519611696,0.3911805555555539,6,3,9,0,True,-0.7381318031212947
2023-09-07 07:00:00,14.88,-0.7233333333333333,26.5,0.01999999999999602,0.0,0.0,1.674793519611696,0.4103472222222173,7,3,9,0,True,-0.7314461904068303
2023-09-07 07:10:00,14.88999999999999,-0.7233333333333333,26.5,0.00999999999999801,0.0,0.0,1.674793519611696,0.4193055555555514,7,3,9,0,True,-0.7309514713031495
2023-09-07 07:20:00,14.91,-0.7233333333333333,26.5,0.02000000000000313,0.0,0.0,1.674793519611696,0.4378472222222172,7,3,9,0,True,-0.7314461904068303
2023-09-07 07:30:00,14.93,-0.7233333333333333,26.5,0.02000000000000313,0.0,0.0,1.674793519611696,0.4565277777777759,7,3,9,0,True,-0.7314461904068303
2023-09-07 07:40:00,14.94,-0.7233333333333333,26.5,0.00999999999999801,0.0,0.0,1.674793519611696,0.465347222222217,7,3,9,0,True,-0.729963036690376
2023-09-07 07:50:00,15.01,-0.7233333333333333,26.5,0.07000000000000028,0.0,0.0,1.674793519611696,0.5345833333333303,7,3,9,0,True,-0.7378297162204838
2023-09-07 08:00:00,15.07,-0.7233333333333333,26.5,0.06000000000000227,0.0,0.0,1.674793519611696,0.5934722222222195,8,3,9,0,True,-0.7368319804494003
2023-09-07 08:10:00,15.09,-0.7233333333333333,26.5,0.02000000000000313,0.0,0.0,1.667103276144982,0.6122222222222273,8,3,9,0,True,-0.742244494111847
2023-09-07 08:20:00,15.1,-0.7233333333333333,26.5,0.00999999999999801,0.0,0.0,1.674793519611696,0.6212500000000016,8,3,9,0,True,-0.742244494111847
2023-09-07 08:30:00,15.11,-0.7233333333333333,26.5,0.00999999999999801,0.0,0.0,1.674793519611696,0.6302083333333321,8,3,9,0,True,-0.742244494111847
2023-09-07 08:40:00,15.15,-0.7166666666666667,26.5,0.03999999999999915,0.006666666666666599,0.0,1.672792077137303,0.6693055555555532,8,3,9,0,True,-0.7503457763551947
2023-09-07 08:50:00,15.11,-0.7166666666666667,26.5,-0.03999999999999915,0.0,0.0,1.672792077137303,0.6283333333333321,8,3,9,0,True,-0.742244494111847
2023-09-07 09:00:00,15.14,-0.7200000000000001,26.5,0.03000000000000114,-0.00333333333333341,0.0,1.670808187674456,0.6572222222222237,9,3,9,0,True,-0.7359412191764456
2023-09-07 09:10:00,15.11,-0.7166666666666667,26.5,-0.03000000000000114,0.00333333333333341,0.0,1.672792077137303,0.6239583333333307,9,3,9,0,True,-0.7456865212915939
2023-09-07 09:20:00,15.17,-0.7166666666666667,26.5,0.06000000000000227,0.0,0.0,1.672792077137303,0.6809027777777814,9,3,9,0,True,-0.742746856505597
2023-09-07 09:30:00,15.1,-0.7166666666666667,26.5,-0.07000000000000028,0.0,0.0,1.672792077137303,0.6078472222222242,9,3,9,0,True,-0.742244494111847
2023-09-07 09:40:00,15.16,-0.7166666666666667,26.5,0.06000000000000227,0.0,0.0,1.672792077137303,0.6649305555555589,9,3,9,0,True,-0.742746856505597
2023-09-07 09:50:00,15.04000000000001,-0.7166666666666667,26.5,-0.1199999999999974,0.0,0.0,1.672792077137303,0.5422916666666726,9,3,9,0,True,-0.736333618626327
2023-09-07 10:00:00,14.86,-0.7200000000000001,26.5,-0.1800000000000068,-0.00333333333333341,0.0,1.670808187674456,0.3596527777777787,10,3,9,0,True,-0.7284792601813492
2023-09-07 10:10:00,14.87,-0.7133333333333334,26.5,0.01000000000000512,0.00666666666666671,0.0,1.674793519611696,0.3661805555555588,10,3,9,0,True,-0.742191192585787
2023-09-07 10:20:00,14.88,-0.7166666666666667,26.5,0.00999999999999801,-0.003333333333333299,0.0,1.672792077137303,0.3727083333333354,10,3,9,0,True,-0.7253674694337479
2023-09-07 10:30:00,14.90000000000001,-0.7166666666666667,26.5,0.02000000000000313,0.0,0.0,1.672792077137303,0.389097222222226,10,3,9,0,True,-0.7308489122428338
2023-09-07 10:40:00,14.97,-0.7133333333333334,26.5,0.06999999999999318,0.003333333333333299,0.0,1.674793519611696,0.4548611111111107,10,3,9,0,True,-0.7387350331470505
2023-09-07 10:50:00,15.03,-0.7133333333333334,26.5,0.06000000000000227,0.0,0.0,1.674793519611696,0.5120833333333348,10,3,9,0,True,-0.7347872460392093
2023-09-07 11:00:00,15.09,-0.7166666666666667,26.5,0.06000000000000227,-0.003333333333333299,0.0,1.672792077137303,0.5691666666666695,11,3,9,0,True,-0.7369377487778606
2023-09-07 11:10:00,15.13,-0.7166666666666667,26.5,0.03999999999999915,0.0,0.0,1.672792077137303,0.6059027777777786,11,3,9,0,True,-0.742244494111847
2023-09-07 11:20:00,15.14,-0.7133333333333334,26.5,0.00999999999999801,0.003333333333333299,0.0,1.674793519611696,0.6127777777777776,11,3,9,0,True,-0.7456865212915939
2023-09-07 11:30:00,15.23999999999999,-0.7166666666666667,26.5,0.09999999999999432,-0.003333333333333299,0.0,1.672792077137303,0.7097916666666624,11,3,9,0,True,-0.7355458648342124
2023-09-07 11:40:00,15.31,-0.7166666666666667,26.5,0.07000000000000739,0.0,0.0,1.672792077137303,0.7766666666666708,11,3,9,0,True,-0.7373484760089022
2023-09-07 11:50:00,15.2,-0.7133333333333334,26.5,-0.1099999999999994,0.003333333333333299,0.0,1.674793519611696,0.6631944444444464,11,3,9,0,True,-0.7456865212915939
2023-09-07 12:00:00,15.02,-0.7166666666666667,26.5,-0.1799999999999997,-0.003333333333333299,0.0,1.672792077137303,0.4797222222222235,12,3,9,0,True,-0.7302637699807842
2023-09-07 12:10:00,15.09,-0.7166666666666667,26.5,0.06999999999999318,0.0,0.0,1.672792077137303,0.5465972222222177,12,3,9,0,True,-0.7437526015428081
2023-09-07 12:20:00,15.11,-0.7133333333333334,0.55,0.02000000000000313,0.003333333333333299,-25.95,1.674793519611696,0.5634722222222202,12,3,9,0,True,-0.7190270221295197
2023-09-07 12:30:00,14.98,-0.7166666666666667,0.55,-0.1299999999999955,-0.003333333333333299,0.0,1.672792077137303,0.4308333333333376,12,3,9,0,True,-0.6575819254490219
2023-09-07 12:40:00,14.87,-0.7133333333333334,0.54,-0.1099999999999994,0.003333333333333299,-0.01000000000000001,1.674793519611696,0.3184722222222263,12,3,9,0,True,-0.6655668912961602
2023-09-07 12:50:00,14.9,-0.7166666666666667,0.54,0.02999999999999403,-0.003333333333333299,0.0,1.672792077137303,0.3458333333333314,12,3,9,0,True,-0.6589325608371165
2023-09-07 13:00:00,14.94,-0.7200000000000001,0.53,0.03999999999999915,-0.00333333333333341,-0.01000000000000001,1.670808187674456,0.3836805555555554,13,3,9,0,True,-0.6515407197278134
2023-09-07 13:10:00,15.01000000000001,-0.7166666666666667,0.54,0.07000000000000739,0.00333333333333341,0.01000000000000001,1.672792077137303,0.452986111111116,13,3,9,0,True,-0.6736457497919139
2023-09-07 13:20:00,14.98,-0.7133333333333334,0.54,-0.03000000000000114,0.003333333333333299,0.0,1.674793519611696,0.4205555555555591,13,3,9,0,True,-0.6602967683935683
2023-09-07 13:30:00,15.02,-0.7133333333333334,0.56,0.03999999999999915,0.0,0.02000000000000002,1.674793519611696,0.4577777777777801,13,3,9,0,True,-0.6865631658748703
2023-09-07 13:40:00,15.04000000000001,-0.7166666666666667,0.53,0.02000000000000313,-0.003333333333333299,-0.03000000000000003,1.672792077137303,0.4759027777777813,13,3,9,0,True,-0.6798954375143739
2023-09-07 13:50:00,15.08,-0.7166666666666667,0.55,0.03999999999999204,0.0,0.02000000000000002,1.672792077137303,0.5137499999999982,13,3,9,0,True,-0.6852671706265823
2023-09-07 14:00:00,15.09,-0.7200000000000001,0.53,0.00999999999999801,-0.00333333333333341,-0.02000000000000002,1.670808187674456,0.520972222222218,14,3,9,0,True,-0.674066837652352
2023-09-07 14:10:00,15.13,-0.7166666666666667,0.54,0.03999999999999915,0.00333333333333341,0.01000000000000001,1.672792077137303,0.557013888888882,14,3,9,0,True,-0.6754255606958599
2023-09-07 14:20:00,15.13,-0.7166666666666667,0.53,7.105427357601002e-15,0.0,-0.01000000000000001,1.672792077137303,0.5531250000000014,14,3,9,0,True,-0.6631240703462336
2023-09-07 14:30:00,15.16,-0.7166666666666667,0.54,0.02999999999999403,0.0,0.01000000000000001,1.672792077137303,0.5787499999999941,14,3,9,0,True,-0.6720707763135808
2023-09-07 14:40:00,15.15,-0.7200000000000001,0.54,-0.00999999999999801,-0.00333333333333341,0.0,1.670808187674456,0.5647916666666646,14,3,9,0,True,-0.6659260486557846
2023-09-07 14:50:00,15.15,-0.7200000000000001,0.54,0.0,0.0,0.0,1.670808187674456,0.562569444444442,14,3,9,0,True,-0.665681748736003
2023-09-07 15:00:00,15.15000000000001,-0.7200000000000001,0.54,7.105427357601002e-15,0.0,0.0,1.670808187674456,0.5605555555555597,15,3,9,0,True,-0.665681748736003
2023-09-07 15:10:00,15.11,-0.7200000000000001,0.54,-0.04000000000000625,0.0,0.0,1.670808187674456,0.5190277777777776,15,3,9,0,True,-0.6647333493574491
2023-09-07 15:20:00,15.15,-0.7233333333333333,0.54,0.03999999999999915,-0.003333333333333188,0.0,1.668841913823276,0.5572916666666661,15,3,9,0,True,-0.6662547090456222
2023-09-07 15:30:00,15.14,-0.7166666666666667,0.55,-0.00999999999999801,0.006666666666666599,0.01000000000000001,1.672792077137303,0.5456944444444449,15,3,9,0,True,-0.6814272835395054
2023-09-07 15:40:00,15.14,-0.7166666666666667,0.54,0.0,0.0,-0.01000000000000001,1.672792077137303,0.5440972222222236,15,3,9,0,True,-0.6673080771563334
2023-09-07 15:50:00,14.82,-0.7166666666666667,0.54,-0.3200000000000003,0.0,0.0,1.672792077137303,0.2218055555555569,15,3,9,0,True,-0.6605257787121318
2023-09-07 16:00:00,14.84,-0.7200000000000001,0.54,0.01999999999999602,-0.00333333333333341,0.0,1.670808187674456,0.238749999999996,16,3,9,0,True,-0.6584868868693539
2023-09-07 16:10:00,14.62,-0.7133333333333334,0.54,-0.2199999999999989,0.00666666666666671,0.0,1.674793519611696,0.01576388888888758,16,3,9,0,True,-0.6729768632214086
2023-09-07 16:20:00,14.64,-0.7200000000000001,0.54,0.02000000000000313,-0.00666666666666671,0.0,1.670808187674456,0.03298611111110894,16,3,9,0,True,-0.6622388030934967
2023-09-07 16:30:00,14.47000000000001,-0.7133333333333334,0.54,-0.1699999999999946,0.00666666666666671,0.0,1.674793519611696,0.1399305555555497,16,3,9,0,True,-0.6691270622176161
2023-09-07 16:40:00,14.36,-0.7166666666666667,0.54,-0.1100000000000065,-0.003333333333333299,0.0,1.672792077137303,0.2541666666666682,16,3,9,0,True,-0.6608498903166448
2023-09-07 16:50:00,14.39,-0.7166666666666667,0.54,0.03000000000000114,0.0,0.0,1.672792077137303,0.2282638888888862,16,3,9,0,True,-0.658053079136558
2023-09-07 17:00:00,14.34,-0.7166666666666667,0.54,-0.05000000000000426,0.0,0.0,1.672792077137303,0.2836111111111137,17,3,9,0,True,-0.6589546918107378
2023-09-07 17:10:00,14.34,-0.7166666666666667,0.54,0.0,0.0,0.0,1.672792077137303,0.2882638888888938,17,3,9,0,True,-0.657608000012824
2023-09-07 17:20:00,14.3,-0.7200000000000001,0.53,-0.03999999999999915,-0.00333333333333341,-0.01000000000000001,1.670808187674456,0.3342361111111138,17,3,9,0,True,-0.6535706699097324
2023-09-07 17:30:00,14.32,-0.7200000000000001,0.54,0.02000000000000313,0.0,0.01000000000000001,1.670808187674456,0.3189583333333346,17,3,9,0,True,-0.6624798392107577
2023-09-07 17:40:00,14.28,-0.7166666666666667,0.53,-0.03999999999999915,0.00333333333333341,-0.01000000000000001,1.672792077137303,0.3640972222222203,17,3,9,0,True,-0.6616580426868854
2023-09-07 17:50:00,14.23999999999999,-0.7200000000000001,0.53,-0.04000000000000625,-0.00333333333333341,0.0,1.670808187674456,0.4090277777777835,17,3,9,0,True,-0.6534484388731283
2023-09-07 18:00:00,14.25,-0.7166666666666667,0.55,0.01000000000000512,0.00333333333333341,0.02000000000000002,1.672792077137303,0.4043055555555544,18,3,9,0,True,-0.6842430228985183
2023-09-07 18:10:00,14.21,-0.7200000000000001,0.54,-0.03999999999999915,-0.00333333333333341,-0.01000000000000001,1.670808187674456,0.4494444444444436,18,3,9,0,True,-0.6530097788930488
2023-09-07 18:20:00,14.21,-0.7166666666666667,20.01,0.0,0.00333333333333341,19.47,1.672792077137303,0.4551388888888894,18,3,9,0,True,-0.7544599630020726
2023-09-07 18:30:00,14.19,-0.7199999999999999,24.22,-0.01999999999999602,-0.003333333333333188,4.209999999999997,1.678481456555299,0.4805555555555507,18,3,9,0,True,-0.7493123766732067
2023-09-07 18:40:00,14.11,-0.7233333333333333,26.5,-0.0800000000000054,-0.00333333333333341,2.280000000000001,1.667103276144982,0.5655555555555569,18,3,9,0,True,-0.7487548275238376
2023-09-07 18:50:00,14.05,-0.7200000000000001,26.5,-0.06000000000000227,0.003333333333333188,0.0,1.66910155472937,0.6290972222222244,18,3,9,0,True,-0.7315491180046375
2023-09-07 19:00:00,14.05,-0.7233333333333333,26.5,0.0,-0.003333333333333188,0.0,1.667103276144982,0.6321527777777813,19,3,9,0,True,-0.7235873038809708
2023-09-07 19:10:00,14.02999999999999,-0.7200000000000001,26.5,-0.02000000000000313,0.003333333333333188,0.0,1.66910155472937,0.6545833333333384,19,3,9,0,True,-0.7315491180046375
2023-09-07 19:20:00,13.98,-0.7200000000000001,26.5,-0.04999999999999005,0.0,0.0,1.66910155472937,0.7071527777777717,19,3,9,0,True,-0.7215965814761626
2023-09-07 19:30:00,13.96,-0.7166666666666668,26.5,-0.02000000000000313,0.003333333333333299,0.0,1.67111739065014,0.7294444444444448,19,3,9,0,True,-0.728294352388069
2023-09-07 19:40:00,13.91,-0.7200000000000001,26.5,-0.04999999999999716,-0.003333333333333299,0.0,1.66910155472937,0.7814583333333278,19,3,9,0,True,-0.7214010550265779
2023-09-07 19:50:00,13.88,-0.7200000000000001,26.5,-0.03000000000000114,0.0,0.0,1.66910155472937,0.8134722222222202,19,3,9,0,True,-0.7224802951348737
2023-09-07 20:00:00,13.88,-0.7200000000000001,26.5,0.0,0.0,0.0,1.66910155472937,0.8152083333333309,20,3,9,0,True,-0.7224802951348737
2023-09-07 20:10:00,13.84,-0.7200000000000001,26.5,-0.03999999999999915,0.0,0.0,1.66910155472937,0.8573611111111088,20,3,9,0,True,-0.7224802951348737
2023-09-07 20:20:00,13.82,-0.7166666666666668,26.5,-0.02000000000000313,0.003333333333333299,0.0,1.67111739065014,0.8800000000000008,20,3,9,0,True,-0.7287872731131438
2023-09-07 20:30:00,13.83,-0.7200000000000001,26.5,0.00999999999999801,-0.003333333333333299,0.0,1.66910155472937,0.8743750000000006,20,3,9,0,True,-0.7214010550265779
2023-09-07 20:40:00,13.81,-0.7200000000000001,26.5,-0.01999999999999602,0.0,0.0,1.66910155472937,0.8986111111111086,20,3,9,0,True,-0.722969280817328
2023-09-07 20:50:00,13.82,-0.7200000000000001,26.5,0.00999999999999801,0.0,0.0,1.66910155472937,0.8918750000000006,20,3,9,0,True,-0.722969280817328
2023-09-07 21:00:00,14.14,-0.7200000000000001,26.5,0.3200000000000003,0.0,0.0,1.66910155472937,0.5750694444444431,21,3,9,0,True,-0.7348334169197639
2023-09-07 21:10:00,14.14,-0.7200000000000001,26.5,0.0,0.0,0.0,1.66910155472937,0.5776388888888899,21,3,9,0,True,-0.725311984775361
2023-09-07 21:20:00,14.13,-0.7200000000000001,26.5,-0.00999999999999801,0.0,0.0,1.66910155472937,0.5896527777777756,21,3,9,0,True,-0.725311984775361
2023-09-07 21:30:00,14.1,-0.7200000000000001,26.5,-0.03000000000000114,0.0,0.0,1.66910155472937,0.6215277777777732,21,3,9,0,True,-0.725311984775361
2023-09-07 21:40:00,14.04,-0.7200000000000001,26.5,-0.06000000000000227,0.0,0.0,1.66910155472937,0.6836805555555561,21,3,9,0,True,-0.725311984775361
2023-09-07 21:50:00,14.02,-0.7200000000000001,26.5,-0.02000000000000313,0.0,0.0,1.66910155472937,0.7056250000000048,21,3,9,0,True,-0.725311984775361
2023-09-07 22:00:00,14.13,-0.7200000000000001,26.5,0.1099999999999994,0.0,0.0,1.66910155472937,0.5986111111111168,22,3,9,0,True,-0.7286548677382284
2023-09-07 22:10:00,14.13,-0.7200000000000001,26.5,7.105427357601002e-15,0.0,0.0,1.66910155472937,0.6027083333333323,22,3,9,0,True,-0.725311984775361
2023-09-07 22:20:00,14.13999999999999,-0.7200000000000001,26.5,0.009999999999990905,0.0,0.0,1.66910155472937,0.5973611111111197,22,3,9,0,True,-0.725311984775361
2023-09-07 22:30:00,14.27,-0.7200000000000001,26.5,0.1300000000000026,0.0,0.0,1.66910155472937,0.4725000000000037,22,3,9,0,True,-0.729459747369617
2023-09-07 22:40:00,14.31,-0.7233333333333333,26.5,0.04000000000000625,-0.003333333333333188,0.0,1.674793519611696,0.4373611111111089,22,3,9,0,True,-0.7267081630425851
2023-09-07 22:50:00,14.36,-0.7200000000000001,26.5,0.04999999999999716,0.003333333333333188,0.0,1.66910155472937,0.3919444444444462,22,3,9,0,True,-0.7342388557352356
2023-09-07 23:00:00,14.38,-0.7200000000000001,26.5,0.02000000000000313,0.0,0.0,1.66910155472937,0.3764583333333302,23,3,9,0,True,-0.7274864161011649
2023-09-07 23:10:00,14.38999999999999,-0.7266666666666666,-11.92,0.009999999999990905,-0.006666666666666488,-38.42,1.672792077137303,0.3706944444444531,23,3,9,0,True,-0.658517585535094
2023-09-07 23:20:00,14.35,-0.7200000000000001,-6.62,-0.03999999999999204,0.006666666666666488,5.3,1.66910155472937,0.4153472222222216,23,3,9,0,True,-0.6802563807487068
2023-09-07 23:30:00,14.33000000000001,-0.7200000000000001,23.02,-0.01999999999999602,0.0,29.64,1.66910155472937,0.4404861111111078,23,3,9,0,True,-0.763850435725781
2023-09-07 23:40:00,14.36,-0.7200000000000001,26.5,0.02999999999999403,0.0,3.48,1.66910155472937,0.4129166666666677,23,3,9,0,True,-0.7589382307333531
2023-09-07 23:50:00,14.32,-0.7200000000000001,2.98,-0.03999999999999915,0.0,-23.52,1.66910155472937,0.4554861111111119,23,3,9,0,True,-0.7215088536711459
2023-09-08 00:00:00,14.28,-0.7200000000000001,26.5,-0.03999999999999915,0.0,23.52,1.66910155472937,0.4988194444444431,0,4,9,0,True,-0.7579119508151029
2023-09-08 00:10:00,14.24,-0.7200000000000001,26.5,-0.03999999999999915,0.0,0.0,1.66910155472937,0.5427777777777738,0,4,9,0,True,-0.7290174239642211
2023-09-08 00:20:00,14.21,-0.7200000000000001,26.5,-0.03000000000000114,0.0,0.0,1.66910155472937,0.5761805555555544,0,4,9,0,True,-0.725311984775361
2023-09-08 00:30:00,14.16,-0.7200000000000001,26.5,-0.04999999999999716,0.0,0.0,1.66910155472937,0.6288194444444422,0,4,9,0,True,-0.725311984775361
2023-09-08 00:40:00,14.13,-0.7200000000000001,26.5,-0.03000000000000114,0.0,0.0,1.66910155472937,0.6624999999999961,0,4,9,0,True,-0.725311984775361
2023-09-08 00:50:00,14.07,-0.7200000000000001,26.5,-0.06000000000000227,0.0,0.0,1.66910155472937,0.727291666666666,0,4,9,0,True,-0.7215965814761626
2023-09-08 01:00:00,14.06,-0.7233333333333333,26.5,-0.00999999999999801,-0.003333333333333188,0.0,1.667103276144982,0.7420138888888843,1,4,9,0,True,-0.7209131300253709
2023-09-08 01:10:00,14.28,-0.7200000000000001,26.5,0.2199999999999989,0.003333333333333188,0.0,1.66910155472937,0.5265277777777762,1,4,9,0,True,-0.7434084986590993
2023-09-08 01:20:00,14.33000000000001,-0.7200000000000001,-4.75,0.05000000000000426,0.0,-31.25,1.66910155472937,0.4808333333333294,1,4,9,0,True,-0.659227752031533
2023-09-08 01:30:00,14.35,-0.7200000000000001,-19.27,0.01999999999999602,0.0,-14.52,1.66910155472937,0.4653472222222224,1,4,9,0,True,-0.660120404803053
2023-09-08 01:40:00,14.48,-0.7233333333333333,-25.96,0.1299999999999955,-0.003333333333333188,-6.690000000000001,1.674793519611696,0.3375000000000057,1,4,9,0,True,-0.6556322586631758
2023-09-08 01:50:00,14.58,-0.7233333333333333,-26.49,0.1000000000000014,0.0,-0.5299999999999976,1.667103276144982,0.2400000000000038,1,4,9,0,True,-0.65642792715618
2023-09-08 02:00:00,14.73,-0.7200000000000001,-26.49,0.1500000000000057,0.003333333333333188,0.0,1.66910155472937,0.09208333333332774,2,4,9,0,True,-0.6140612239945025
2023-09-08 10:30:00,15.6,-0.7233333333333333,-13.54,-0.02000000000000313,-0.003333333333333188,11.56,1.66542286922371,0.6215972222222241,10,4,9,0,True,-0.6727976877551586
2023-09-08 10:40:00,15.63,-0.7233333333333333,26.5,0.03000000000000114,0.0,40.04,1.66542286922371,0.6520138888888916,10,4,9,0,True,-0.768476656412111
2023-09-08 10:50:00,15.68,-0.7233333333333333,26.5,0.04999999999999716,0.0,0.0,1.66542286922371,0.7030555555555527,10,4,9,0,True,-0.7412407884242277
2023-09-08 11:00:00,15.7,-0.7233333333333333,26.5,0.01999999999999602,0.0,0.0,1.66542286922371,0.7219444444444392,11,4,9,0,True,-0.7369450143645622
2023-09-08 11:10:00,15.8,-0.7233333333333333,26.5,0.1000000000000085,0.0,0.0,1.66542286922371,0.8206944444444488,11,4,9,0,True,-0.7412481825871193
2023-09-08 11:20:00,15.88,-0.7200000000000001,26.5,0.0799999999999983,0.003333333333333188,0.0,1.667453147767577,0.8995138888888903,11,4,9,0,True,-0.7413649825084727
2023-09-08 11:30:00,15.59,-0.7200000000000001,26.5,-0.2900000000000063,0.0,0.0,1.667453147767577,0.6077083333333277,11,4,9,0,True,-0.7367408825523686
2023-09-08 11:40:00,15.68,-0.7200000000000001,26.5,0.09000000000000341,0.0,0.0,1.667453147767577,0.6954861111111104,11,4,9,0,True,-0.7417424714946607
2023-09-08 11:50:00,15.68,-0.7200000000000001,26.5,0.0,0.0,0.0,1.667453147767577,0.6932638888888878,11,4,9,0,True,-0.740739444670893
2023-09-08 12:00:00,15.59,-0.7200000000000001,26.5,-0.09000000000000341,0.0,0.0,1.667453147767577,0.5997916666666647,12,4,9,0,True,-0.7392374470192588
2023-09-08 12:10:00,15.58,-0.7200000000000001,26.5,-0.00999999999999801,0.0,0.0,1.667453147767577,0.5861111111111104,12,4,9,0,True,-0.7392374470192588
2023-09-08 12:20:00,15.48999999999999,-0.7233333333333333,26.5,-0.09000000000000341,-0.003333333333333188,0.0,1.66542286922371,0.4922916666666612,12,4,9,0,True,-0.7310596150908544
2023-09-08 12:30:00,15.51,-0.7200000000000001,26.5,0.02000000000000313,0.003333333333333188,0.0,1.667453147767577,0.5088888888888885,12,4,9,0,True,-0.7406046068393767
2023-09-08 12:40:00,15.56,-0.7233333333333333,26.5,0.05000000000000426,-0.003333333333333188,0.0,1.66542286922371,0.5549305555555577,12,4,9,0,True,-0.7339522008452584
2023-09-08 12:50:00,15.58,-0.7199999999999999,26.5,0.01999999999999602,0.00333333333333341,0.0,1.659728893524482,0.5702083333333334,12,4,9,0,True,-0.7431681769084704
2023-09-08 13:00:00,15.59,-0.7200000000000001,26.5,0.00999999999999801,-2.220446049250313e-16,0.0,1.667453147767577,0.5746527777777732,13,4,9,0,True,-0.7392374470192588
2023-09-08 13:10:00,15.63,-0.7200000000000001,26.5,0.04000000000000625,0.0,0.0,1.667453147767577,0.6095138888888929,13,4,9,0,True,-0.740739444670893
2023-09-08 13:20:00,15.63,-0.7200000000000001,26.5,-7.105427357601002e-15,0.0,0.0,1.667453147767577,0.6065972222222182,13,4,9,0,True,-0.740739444670893
2023-09-08 13:30:00,15.33,-0.7233333333333333,26.5,-0.2999999999999972,-0.003333333333333188,0.0,1.66542286922371,0.3040972222222198,13,4,9,0,True,-0.7333058924557454
2023-09-08 13:40:00,15.4,-0.7200000000000001,26.5,0.07000000000000028,0.003333333333333188,0.0,1.667453147767577,0.3719444444444431,13,4,9,0,True,-0.7421093823140873
2023-09-08 13:50:00,15.38,-0.7200000000000001,26.5,-0.01999999999999602,0.0,0.0,1.667453147767577,0.3511805555555583,13,4,9,0,True,-0.7388473241857894
2023-09-08 14:00:00,15.4,-0.7200000000000001,26.5,0.01999999999999602,0.0,0.0,1.667453147767577,0.3713194444444454,14,4,9,0,True,-0.7376849761086218
2023-09-08 14:10:00,15.41,-0.7200000000000001,26.5,0.00999999999999801,0.0,0.0,1.667453147767577,0.3827083333333317,14,4,9,0,True,-0.737186037355552
2023-09-08 14:20:00,15.41,-0.7200000000000001,26.5,0.0,0.0,0.0,1.667453147767577,0.3843749999999986,14,4,9,0,True,-0.737186037355552
2023-09-08 14:30:00,15.39,-0.7199999999999999,26.5,-0.01999999999999602,2.220446049250313e-16,0.0,1.659728893524482,0.3662500000000026,14,4,9,0,True,-0.7388473241857894
2023-09-08 14:40:00,15.42,-0.7200000000000001,26.5,0.03000000000000114,-2.220446049250313e-16,0.0,1.667453147767577,0.3949305555555558,14,4,9,0,True,-0.7382878409699594
2023-09-08 14:50:00,15.31,-0.7233333333333333,26.5,-0.1100000000000065,-0.003333333333333188,0.0,1.66542286922371,0.284236111111106,14,4,9,0,True,-0.7342988535913398
2023-09-08 15:00:00,15.08,-0.7166666666666667,26.5,-0.2299999999999969,0.006666666666666599,0.0,1.669500923429913,0.05381944444444287,15,4,9,0,True,-0.7516055091043746
2023-09-08 15:10:00,15.11,-0.7233333333333333,26.5,0.03000000000000114,-0.006666666666666599,0.0,1.66542286922371,0.08229166666666465,15,4,9,0,True,-0.7367008514573896
2023-09-08 15:20:00,15.11,-0.7233333333333333,26.5,0.0,0.0,0.0,1.66542286922371,0.07923611111111128,15,4,9,0,True,-0.7454633467188723
2023-09-08 15:30:00,15.1,-0.7233333333333333,26.5,-0.00999999999999801,0.0,0.0,1.66542286922371,0.06631944444444571,15,4,9,0,True,-0.7454633467188723
2023-09-08 15:40:00,15.11,-0.7233333333333333,26.5,0.00999999999999801,0.0,0.0,1.66542286922371,0.07333333333333059,15,4,9,0,True,-0.7454633467188723
2023-09-08 15:50:00,15.12,-0.7200000000000001,26.5,0.01000000000000512,0.003333333333333188,0.0,1.667453147767577,0.08062500000000483,15,4,9,0,True,-0.7489203007566139
2023-09-08 16:00:00,15.08,-0.7200000000000001,26.5,-0.04000000000000625,0.0,0.0,1.66910155472937,0.03895833333333343,16,4,9,0,True,-0.7391783513045519
2023-09-08 16:10:00,15.07,-0.7233333333333333,26.5,-0.00999999999999801,-0.003333333333333188,0.0,1.66542286922371,0.02687500000000043,16,4,9,0,True,-0.7341309718123815
2023-09-08 16:20:00,15.06,-0.7200000000000001,26.5,-0.01000000000000512,0.003333333333333188,0.0,1.66910155472937,0.0150694444444408,16,4,9,0,True,-0.7455347247742546
2023-09-08 16:30:00,15.05,-0.7200000000000001,26.5,-0.00999999999999801,0.0,0.0,1.66910155472937,0.002777777777776436,16,4,9,0,True,-0.7419945126895335
2023-09-08 16:40:00,14.99,-0.7200000000000001,26.5,-0.05999999999999517,0.0,0.0,1.667453147767577,0.05861111111110873,16,4,9,0,True,-0.7337256831979797
2023-09-08 16:50:00,15.04,-0.7200000000000001,26.5,0.04999999999999716,0.0,0.0,1.66910155472937,0.009861111111113985,16,4,9,0,True,-0.7429992389865739
2023-09-08 17:00:00,15.01,-0.7233333333333333,26.5,-0.03000000000000114,-0.003333333333333188,0.0,1.66542286922371,0.04006944444444649,17,4,9,0,True,-0.7341309718123815
2023-09-08 17:10:00,14.99,-0.7200000000000001,26.5,-0.01999999999999602,0.003333333333333188,0.0,1.667453147767577,0.05951388888888509,17,4,9,0,True,-0.7400351678554891
2023-09-08 17:20:00,14.94,-0.7199999999999999,26.5,-0.05000000000000426,2.220446049250313e-16,0.0,1.659728893524482,0.1078472222222242,17,4,9,0,True,-0.7310106357845898
2023-09-08 17:30:00,14.92,-0.7233333333333333,26.5,-0.01999999999999602,-0.00333333333333341,0.0,1.66542286922371,0.126458333333332,17,4,9,0,True,-0.7270021225104334
2023-09-08 17:40:00,14.89,-0.7200000000000001,26.5,-0.03000000000000114,0.003333333333333188,0.0,1.667453147767577,0.1549999999999994,17,4,9,0,True,-0.7382951382340436
2023-09-08 17:50:00,14.92,-0.7233333333333333,26.5,0.03000000000000114,-0.003333333333333188,0.0,1.66542286922371,0.1259027777777764,17,4,9,0,True,-0.7285070070985309
2023-09-08 18:00:00,14.87,-0.7200000000000001,26.5,-0.05000000000000426,0.003333333333333188,0.0,1.667453147767577,0.1778472222222245,18,4,9,0,True,-0.7382951382340436
2023-09-08 18:10:00,14.82,-0.7200000000000001,26.5,-0.04999999999999716,0.0,0.0,1.667453147767577,0.2303472222222211,18,4,9,0,True,-0.7320004889393346
2023-09-08 18:20:00,14.79,-0.7233333333333333,26.5,-0.03000000000000114,-0.003333333333333188,0.0,1.66542286922371,0.2627083333333324,18,4,9,0,True,-0.7270021225104334
2023-09-08 18:30:00,14.83,-0.7233333333333333,26.5,0.03999999999999915,0.0,0.0,1.66542286922371,0.2261111111111127,18,4,9,0,True,-0.7324959180341503
2023-09-08 18:40:00,14.81,-0.7233333333333333,26.5,-0.02000000000000313,0.0,0.0,1.66542286922371,0.2500694444444473,18,4,9,0,True,-0.7320004889393346
2023-09-08 18:50:00,14.73999999999999,-0.7200000000000001,26.5,-0.07000000000000028,0.003333333333333188,0.0,1.667453147767577,0.3229166666666714,18,4,9,0,True,-0.7339046115756356
2023-09-08 19:00:00,14.72,-0.7200000000000001,-6.79,-0.01999999999999602,0.0,-33.29,1.667453147767577,0.3462500000000013,19,4,9,0,True,-0.6543199649986939
2023-09-08 19:10:00,14.65,-0.7200000000000001,-26.41,-0.07000000000000028,0.0,-19.62,1.667453147767577,0.4200000000000017,19,4,9,0,True,-0.6578517357040872
2023-09-08 19:20:00,14.65,-0.7233333333333333,-26.49,0.0,-0.003333333333333188,-0.0799999999999983,1.66542286922371,0.4234722222222231,19,4,9,0,True,-0.6588743243978618
2023-09-12 03:00:00,14.31,-1.06,-25.83,0.03999999999999915,-0.01000000000000023,-41.73,2.206173157302028,0.2406944444444505,3,1,9,0,True,-0.6710300744967698
2023-10-21 12:30:00,16.75,-18.08666666666667,-1.03,0.75,-0.01666666666666217,-0.06000000000000005,0.0808290376865478,1.960416666666665,12,5,10,1,True,-0.6007919294193995
2023-11-08 15:10:00,18.73999999999999,-18.11333333333333,-1.15,0.6799999999999926,-0.006666666666664156,-0.03999999999999981,0.08621678104251779,5.065763888888885,15,2,11,0,True,-0.5911785543989723
2023-11-24 10:10:00,14.13,-17.80666666666667,-0.6,6.640000000000001,0.02666666666666373,0.04000000000000004,0.05033222956847059,3.491111111111113,10,4,11,0,True,-0.6334421685557593
2023-12-02 12:50:00,12.31,-17.74666666666667,-0.53,1.650000000000006,-0.02666666666666373,-0.03000000000000003,0.05033222956847247,4.906944444444447,12,5,12,1,True,-0.631545808530957
2023-12-02 13:00:00,13.72000000000001,-17.77666666666667,-0.55,1.410000000000004,-0.03000000000000114,-0.02000000000000002,0.05033222956847059,6.313263888888895,13,5,12,1,True,-0.6251000554541898
2023-12-08 11:00:00,16.88,-17.98666666666667,-0.75,0.3399999999999963,-0.03333333333333499,-0.06000000000000005,0.07094598884597611,4.290624999999997,11,4,12,0,True,-0.5976452046391837
2023-12-08 11:10:00,17.25,-18.01333333333333,-0.82,0.3700000000000045,-0.02666666666666373,-0.06999999999999995,0.07637626158259687,4.615555555555556,11,4,12,0,True,-0.6097749414789453
2023-12-08 11:20:00,17.31,-18.03333333333333,-0.89,0.05999999999999517,-0.01999999999999957,-0.07000000000000006,0.07637626158259841,4.631597222222217,11,4,12,0,True,-0.5979893673409553
2023-12-08 11:30:00,17.51,-18.05,-0.95,0.2000000000000028,-0.01666666666666927,-0.05999999999999994,0.08185352771872449,4.787013888888888,11,4,12,0,True,-0.6082016239696175
2023-12-08 12:00:00,18.23999999999999,-18.08666666666667,-1.1,0.529999999999994,-0.01333333333333186,-0.07000000000000006,0.0873689494805419,5.360347222222217,12,4,12,0,True,-0.6203685481067678
2023-12-08 12:20:00,19.27,-18.11,-1.16,0.4699999999999989,-0.01333333333333186,-0.04999999999999982,0.0916515138991164,6.279930555555552,12,4,12,0,True,-0.6259822549056708
2023-12-08 12:30:00,20.02999999999999,-18.11666666666667,-1.18,0.759999999999998,-0.006666666666667709,-0.02000000000000002,0.0873689494805419,6.98680555555555,12,4,12,0,True,-0.5963297958408923
2023-12-08 12:50:00,19.74,-18.13666666666667,-1.23,-0.3299999999999983,-0.00999999999999801,-0.03000000000000003,0.0873689494805419,6.59090277777778,12,4,12,0,True,-0.5982536139085798
2023-12-08 14:50:00,21.78,-18.23333333333333,-1.32,0.1100000000000065,-0.01333333333333186,0.0,0.09712534856222353,8.07715277777778,14,4,12,0,True,-0.6077467775577424
2023-12-08 15:10:00,21.75,-18.25,-1.33,-0.03000000000000114,-0.00999999999999801,-0.01000000000000001,0.088881944173157,7.967569444444445,15,4,12,0,True,-0.5920166945670496
2023-12-08 15:30:00,21.38,-18.25666666666666,-1.33,-0.4399999999999977,0.0,0.0,0.100166528008779,7.513611111111114,15,4,12,0,True,-0.5897968008790577
2023-12-08 16:10:00,21.15,-18.22333333333333,-1.31,-0.1300000000000026,0.01333333333333186,0.02000000000000002,0.0907377172587745,7.129652777777778,16,4,12,0,True,-0.5926923402459072
2023-12-08 17:00:00,19.29,-18.15666666666667,-1.25,-0.5399999999999991,0.02333333333333343,0.02000000000000002,0.09504384952922233,5.053263888888887,17,4,12,0,True,-0.6136509914694217
2023-12-09 11:20:00,15.89,-18.06666666666667,-1.01,0.7199999999999989,-0.03000000000000114,-0.07000000000000006,0.08082903768654749,1.194236111111111,11,5,12,1,True,-0.6089533946152614
2023-12-09 11:30:00,16.86,-18.08666666666667,-1.11,0.9699999999999989,-0.01999999999999957,-0.1000000000000001,0.09073771725877637,2.175694444444444,11,5,12,1,True,-0.6202224084443421
2023-12-09 11:50:00,18.24,-18.12,-1.17,1.439999999999998,-0.01666666666666572,-0.04000000000000004,0.09165151389911678,3.582430555555558,11,5,12,1,True,-0.6353864111932617
2023-12-09 13:40:00,19.99,-18.2,-1.3,0.4000000000000057,-0.01666666666666572,-0.01000000000000001,0.105356537528526,5.490138888888891,13,5,12,1,True,-0.602084051695949
2023-12-09 15:00:00,20.11,-18.24333333333333,-1.32,-0.480000000000004,-0.01999999999999957,0.0,0.1040832999733061,5.648819444444442,15,5,12,1,True,-0.6243085664624426
2023-12-09 16:10:00,19.8,-18.22333333333333,-1.32,-0.4100000000000037,0.01333333333333542,0.0,0.0907377172587745,5.322916666666663,16,5,12,1,True,-0.5903153817634139
2023-12-17 10:40:00,9.5,-17.46666666666667,-0.33,1.509999999999998,-0.00999999999999801,-0.01000000000000001,0.06350852961085851,8.073333333333334,10,6,12,1,True,-0.6191248532165601
2023-12-17 11:20:00,10.51,-17.47333333333333,-0.33,1.289999999999999,0.006666666666667709,0.01000000000000001,0.05773502691896135,9.101527777777775,11,6,12,1,True,-0.6106788659479655
2023-12-17 11:30:00,11.35,-17.48333333333333,-0.34,0.8400000000000034,-0.01000000000000156,-0.01000000000000001,0.0577350269189634,9.946736111111113,11,6,12,1,True,-0.6110278116442671
2023-12-17 11:40:00,12.05,-17.48,-0.35,0.6999999999999957,0.003333333333333854,-0.009999999999999953,0.05196152422706624,10.65145833333333,11,6,12,1,True,-0.6011895704597922
2023-12-17 12:50:00,10.68,-17.50333333333333,-0.36,-0.8100000000000023,-0.006666666666664156,0.0,0.05859465277082292,9.329513888888888,12,6,12,1,True,-0.59873078508299
2023-12-17 13:00:00,9.699999999999996,-17.51,-0.36,-0.980000000000004,-0.006666666666667709,0.0,0.0529150262212927,8.354722222222218,13,6,12,1,True,-0.6084092012883839
2023-12-18 12:30:00,11.84,-17.54,-0.38,1.010000000000005,-0.003333333333337407,0.0,0.0529150262212927,9.796180555555559,12,0,12,0,True,-0.5926163807198568
2023-12-18 13:10:00,9.869999999999997,-17.55333333333333,-0.4,-1.369999999999997,-0.003333333333333854,-0.02000000000000002,0.05859465277082292,7.827916666666665,13,0,12,0,True,-0.5893445429503567
2023-12-21 11:20:00,7.939999999999998,-17.42,-0.29,1.919999999999995,0.0,-0.01999999999999996,0.06082762530298148,7.178333333333331,11,3,12,0,True,-0.6070381039955495
2023-12-21 11:30:00,9.46,-17.42333333333333,-0.28,1.520000000000003,-0.003333333333333854,0.009999999999999953,0.05773502691896135,8.697847222222222,11,3,12,0,True,-0.621132200728803
2023-12-21 11:40:00,11.18,-17.42,-0.29,1.719999999999999,0.003333333333330302,-0.009999999999999953,0.05196152422706624,10.41847222222222,11,3,12,0,True,-0.6366230364010038
2023-12-21 11:50:00,13.05,-17.42666666666667,-0.29,1.869999999999997,-0.006666666666664156,0.0,0.05507570547286027,12.29173611111111,11,3,12,0,True,-0.6429906745633698
2023-12-21 12:20:00,13.63,-17.43666666666667,-0.3,-0.4200000000000088,-0.006666666666667709,0.0,0.05507570547286145,12.88076388888888,12,3,12,0,True,-0.6060388308252914
2023-12-21 12:30:00,12.87,-17.44,-0.31,-0.7599999999999909,-0.003333333333333854,-0.01000000000000001,0.05291502622129202,12.12131944444445,12,3,12,0,True,-0.5979100434423967
2023-12-21 12:40:00,11.58000000000001,-17.45,-0.31,-1.289999999999999,-0.00999999999999801,0.0,0.0529150262212927,10.83000000000001,12,3,12,0,True,-0.6423199442502312
2023-12-21 12:50:00,9.799999999999997,-17.45333333333333,-0.31,-1.780000000000008,-0.003333333333333854,0.0,0.05859465277082292,9.049444444444442,12,3,12,0,True,-0.6102598740098215
2023-12-22 14:30:00,5.780000000000001,-17.45333333333334,-0.32,-1.939999999999998,-0.07333333333333769,-0.08000000000000002,0.04932882862316286,5.078194444444446,14,4,12,0,True,-0.6577419401643856
2023-12-24 15:20:00,5.059999999999995,-17.59666666666667,-0.4,6.429999999999993,-0.1900000000000013,-0.13,0.06350852961086056,3.233819444444439,15,6,12,1,True,-0.6319129900276186
2023-12-25 12:10:00,11.5,-17.62666666666667,-0.43,1.269999999999996,-0.01333333333333542,-0.01000000000000001,0.05507570547286145,8.556111111111111,12,0,12,0,True,-0.6260587367811428
2023-12-26 10:40:00,5.420000000000002,-17.61,-0.43,0.6500000000000057,-0.01999999999999957,-0.03999999999999998,0.06244997998398436,0.04923611111111015,10,1,12,0,True,-0.5901299750484408
2023-12-26 11:40:00,12.23,-17.64333333333333,-0.46,2.570000000000007,-0.01333333333333542,-0.02000000000000002,0.05859465277082292,6.740555555555559,11,1,12,0,True,-0.6147772097962396
2023-12-26 11:50:00,13.83000000000001,-17.65333333333333,-0.45,1.600000000000001,-0.00999999999999801,0.01000000000000001,0.06110100926607657,8.339027777777783,11,1,12,0,True,-0.6289155052100875
2023-12-26 12:00:00,14.88,-17.66333333333333,-0.48,1.049999999999997,-0.01000000000000156,-0.02999999999999997,0.05131601439446798,9.385763888888892,12,1,12,0,True,-0.6368625145015975
2023-12-26 12:20:00,15.46,-17.69,-0.51,0.1899999999999977,-0.01666666666666927,-0.03000000000000003,0.05567764362829999,9.959444444444445,12,1,12,0,True,-0.606868286217781
2023-12-26 12:30:00,15.53,-17.71666666666667,-0.51,0.07000000000000028,-0.02666666666666373,0.0,0.0503322295684706,10.02527777777778,12,1,12,0,True,-0.5897674210863562
2023-12-27 11:40:00,14.89,-17.69,-0.47,0.3999999999999986,-0.01000000000000156,0.03000000000000003,0.05567764362829999,7.944513888888889,11,2,12,0,True,-0.5899853085758705
2023-12-27 14:10:00,15.43,-17.79,-0.57,0.259999999999998,-0.01000000000000156,0.04000000000000004,0.05291502622129068,8.436666666666667,14,2,12,0,True,-0.5903229081088618
2024-01-04 11:40:00,12.48,-17.64333333333333,-0.45,2.179999999999993,-0.01333333333333542,-0.01000000000000001,0.05859465277082292,7.100347222222219,11,3,1,0,True,-0.6096177456051765
2024-01-04 11:50:00,13.13,-17.65666666666667,-0.47,0.6500000000000057,-0.01333333333333186,-0.01999999999999996,0.05686240703077278,7.734722222222225,11,3,1,0,True,-0.5932597450487762
2024-01-06 11:30:00,13.69,-17.68666666666667,-0.48,1.229999999999997,-0.01333333333333542,0.0,0.05686240703077278,7.550208333333331,11,5,1,1,True,-0.5992831549193668
2024-01-08 10:20:00,12.27,-17.53333333333333,-0.37,2.130000000000003,-0.006666666666664156,-0.01000000000000001,0.0665832811847941,8.342152777777773,10,0,1,0,True,-0.6107672502064077
2024-01-08 10:30:00,13.66999999999999,-17.53666666666667,-0.38,1.399999999999999,-0.003333333333333854,-0.01000000000000001,0.06350852961085851,9.747361111111106,10,0,1,0,True,-0.6135534837593896
2024-01-08 10:40:00,14.75,-17.54,-0.37,1.080000000000005,-0.003333333333337407,0.01000000000000001,0.06082762530298148,10.83034722222222,10,0,1,0,True,-0.60441720454187
2024-01-08 11:10:00,14.56,-17.55666666666667,-0.38,-0.6299999999999955,-0.006666666666667709,-0.01000000000000001,0.06350852961085851,10.65173611111111,11,0,1,0,True,-0.5912523816093397
2024-01-08 12:00:00,15.37,-17.57666666666667,-0.4,0.2300000000000111,-0.01000000000000156,0.009999999999999953,0.0568624070307733,11.45451388888889,12,0,1,0,True,-0.5909354827447358
2024-01-08 13:00:00,13.11000000000001,-17.58333333333333,-0.42,-1.569999999999993,0.0,0.01000000000000001,0.05507570547286082,9.144375000000007,13,0,1,0,True,-0.59904919755058
2024-01-16 10:30:00,12.14,-17.55,-0.38,1.950000000000003,-0.00999999999999801,0.0,0.06082762530298236,7.32201388888889,10,1,1,0,True,-0.6044723286575581
2024-01-16 10:40:00,13.35,-17.55,-0.39,1.210000000000001,0.0,-0.01000000000000001,0.06082762530298236,8.531527777777779,10,1,1,0,True,-0.5978974294993915
2024-01-16 10:50:00,14.09,-17.56,-0.39,0.7399999999999949,-0.00999999999999801,0.0,0.06082762530298148,9.269861111111108,10,1,1,0,True,-0.6033185998216383
2024-01-16 11:00:00,14.69,-17.56666666666667,-0.38,0.6000000000000014,-0.006666666666667709,0.01000000000000001,0.06429100507328703,9.865555555555552,11,1,1,0,True,-0.5969982049617041
2024-01-16 11:10:00,14.53,-17.57666666666667,-0.4,-0.1599999999999966,-0.01000000000000156,-0.02000000000000002,0.05507570547286145,9.698333333333334,11,1,1,0,True,-0.5948638597952618
2024-01-24 10:50:00,9.600000000000001,-17.44333333333333,-0.27,1.580000000000005,-0.00999999999999801,0.01999999999999996,0.0665832811847941,8.657083333333334,10,2,1,0,True,-0.6565130092290421
2024-01-24 11:00:00,10.24,-17.44666666666667,-0.29,0.6400000000000006,-0.003333333333337407,-0.01999999999999996,0.06350852961085851,9.28652777777778,11,2,1,0,True,-0.6073673179314375
2024-01-24 11:10:00,9.54,-17.45333333333333,-0.29,-0.7000000000000028,-0.006666666666664156,0.0,0.0665832811847941,8.573749999999999,11,2,1,0,True,-0.602539014275905
2024-01-25 10:40:00,6.530000000000001,-17.43,-0.28,2.039999999999999,-0.00999999999999801,-0.01000000000000001,0.07000000000000155,5.658055555555556,10,3,1,0,True,-0.601588774199199
2024-01-25 11:40:00,8.740000000000002,-17.47,-0.31,-0.3899999999999935,-0.01333333333333186,0.0,0.06082762530298148,7.90513888888889,11,3,1,0,True,-0.5905165903921014
2024-01-26 10:50:00,11.02,-17.51333333333334,-0.35,1.949999999999996,-0.01000000000000156,-0.009999999999999953,0.06658328118479412,8.201597222222219,10,4,1,0,True,-0.6200006721130327
2024-01-26 11:00:00,12.6,-17.51333333333334,-0.33,1.580000000000005,0.0,0.01999999999999996,0.06658328118479412,9.765416666666667,11,4,1,0,True,-0.6391928044490991
2024-01-26 11:10:00,13.33,-17.52666666666667,-0.36,0.7299999999999969,-0.01333333333333186,-0.02999999999999997,0.06350852961086056,10.47888888888889,11,4,1,0,True,-0.6468001428998938
2024-01-26 11:40:00,12.58,-17.55,-0.38,-0.1799999999999997,-0.01333333333333542,-0.02000000000000002,0.06082762530298236,9.68659722222222,11,4,1,0,True,-0.5977384212877537
2024-01-26 11:50:00,11.54,-17.56,-0.37,-1.039999999999999,-0.00999999999999801,0.01000000000000001,0.06082762530298148,8.62972222222222,11,4,1,0,True,-0.6129719072008664
2024-01-26 13:40:00,12.34999999999999,-17.61666666666667,-0.43,0.7499999999999929,-0.006666666666667709,-0.01000000000000001,0.05686240703077278,9.267291666666662,13,4,1,0,True,-0.5942116159408237
2024-01-27 10:40:00,13.18,-17.57,-0.38,1.649999999999999,-0.006666666666667709,0.0,0.06082762530298236,8.17048611111111,10,5,1,1,True,-0.6106176238818123
2024-01-27 10:50:00,13.98,-17.58,-0.39,0.7999999999999972,-0.00999999999999801,-0.01000000000000001,0.06082762530298148,8.971666666666664,10,5,1,1,True,-0.6060522404078765
2024-01-29 10:50:00,12.99,-17.57666666666667,-0.39,1.380000000000003,-0.003333333333333854,0.01000000000000001,0.06429100507328499,8.206875,10,0,1,0,True,-0.60195576308618
2024-01-29 11:00:00,13.68,-17.58333333333333,-0.41,0.6899999999999977,-0.006666666666664156,-0.01999999999999996,0.0665832811847941,8.891805555555553,11,0,1,0,True,-0.6051764511348776
2024-01-30 10:50:00,13.02,-17.60333333333334,-0.42,1.579999999999998,-0.01333333333333542,-0.01000000000000001,0.05859465277082494,7.231180555555558,10,1,1,0,True,-0.6231650056413301
2024-02-13 11:20:00,14.8,-17.87666666666667,-0.64,0.8399999999999963,-0.05000000000000426,-0.04000000000000004,0.06027713773341756,5.540208333333332,11,1,2,0,True,-0.6135831349369812
2024-03-11 10:30:00,7.82,-17.75333333333333,-0.55,1.049999999999997,-0.01666666666666927,-0.03000000000000003,0.05859465277082292,0.6083333333333334,10,0,3,0,True,-0.5902225069388014
2024-03-13 10:00:00,7.25,-17.76333333333333,-0.56,1.07,-0.01333333333333186,-0.04000000000000004,0.05859465277082292,0.546180555555555,10,2,3,0,True,-0.5987039813151035
2024-03-16 13:10:00,13.34,-18.00666666666666,-0.86,0.5300000000000011,-0.01999999999999957,-0.04999999999999993,0.08082903768654588,3.616041666666662,13,5,3,1,True,-0.5901238571761744
2024-03-16 15:10:00,16.76,-18.1,-1.15,0.5200000000000031,-0.02000000000000313,-0.04999999999999982,0.08999999999999986,6.468888888888886,15,5,3,1,True,-0.6298597153045226
2024-03-22 12:20:00,14.55,-18.03666666666667,-0.96,0.7800000000000011,-0.01666666666666572,-0.02000000000000002,0.09073771725877448,4.430902777777774,12,4,3,0,True,-0.5943026432130613
2024-03-22 12:50:00,15.87,-18.07,-1.07,0.8000000000000043,-0.01333333333332831,-0.04000000000000004,0.08544003745317433,5.597569444444451,12,4,3,0,True,-0.6276818592348328
2024-04-01 14:50:00,16.6,-18.11666666666667,-1.2,0.4200000000000017,-0.01666666666666572,-0.03000000000000003,0.0901849950564578,5.243333333333336,14,0,4,0,True,-0.5931075169477906
2024-04-01 15:10:00,17.34999999999999,-18.14333333333333,-1.25,0.3299999999999983,-0.01333333333333186,-0.04000000000000004,0.0907377172587745,5.947777777777771,15,0,4,0,True,-0.5994327122106531
2024-04-02 12:20:00,16.84,-18.08666666666667,-1.14,0.8600000000000065,-0.02000000000000313,-0.04999999999999982,0.09504384952922233,3.065763888888892,12,1,4,0,True,-0.6225548937416334
2024-04-02 12:30:00,17.4,-18.11,-1.18,0.5599999999999952,-0.02333333333332988,-0.04000000000000004,0.08999999999999986,3.599652777777777,12,1,4,0,True,-0.6045965326102933
2024-04-02 12:40:00,17.98999999999999,-18.12666666666667,-1.21,0.5899999999999963,-0.01666666666666572,-0.03000000000000003,0.09018499505645768,4.162569444444438,12,1,4,0,True,-0.5962479676407242
2024-04-02 12:50:00,18.68,-18.14333333333333,-1.25,0.6900000000000048,-0.01666666666666572,-0.04000000000000004,0.0907377172587745,4.827500000000001,12,1,4,0,True,-0.6364301696835934
2024-04-02 13:00:00,18.96,-18.18,-1.28,0.2800000000000011,-0.03666666666666885,-0.03000000000000003,0.088881944173157,5.084583333333335,13,1,4,0,True,-0.5994885974787693
2024-04-02 13:10:00,19.45,-18.21333333333333,-1.3,0.490000000000002,-0.03333333333333499,-0.02000000000000002,0.1011599393699562,5.548472222222225,13,1,4,0,True,-0.6186537541101733
2024-04-02 13:20:00,19.57,-18.23333333333333,-1.32,0.1199999999999974,-0.01999999999999602,-0.02000000000000002,0.1101514109457217,5.643333333333334,13,1,4,0,True,-0.6081094900715569
2024-04-07 14:50:00,18.67,-18.23,-1.31,0.2899999999999991,-0.03000000000000114,-0.02000000000000002,0.1126942766958456,4.638958333333335,14,6,4,1,True,-0.5984826885971292
